Name,Ring,Quadrant,Status,Description
SASS,adopt,languages & frameworks,No Change,"SASS (Syntactically Awesome Style Sheets) is a preprocessor scripting language that is interpreted or compiled into Cascading Style Sheets (CSS). It extends CSS with features like variables, nesting, mixins, and functions, making it easier to write and maintain stylesheets. SASS helps developers write more organized and maintainable CSS code for web projects."
Nuxt.js,adopt,languages & frameworks,No Change,"Nuxt.js is a framework for building server-side rendered (SSR) and statically generated Vue.js applications. It provides a streamlined development experience with features such as automatic routing, server-side rendering, and static site generation. Nuxt.js simplifies the process of building Vue.js applications by providing conventions and best practices out of the box."
Vue.js,adopt,languages & frameworks,No Change,"Vue.js is a progressive JavaScript framework for building user interfaces. It is designed to be incrementally adoptable, meaning it can be easily integrated into existing projects and scaled up as needed. Vue.js provides features such as data binding, component-based architecture, and a reactive virtual DOM, making it suitable for building modern web applications."
PHP,hold,languages & frameworks,No Change,"PHP is a server-side scripting language designed for web development but also used as a general-purpose programming language. It is widely used for building dynamic web applications, content management systems (CMS), and e-commerce platforms. PHP provides features such as built-in support for web servers, database integration, and extensive libraries for various tasks."
Javascript,adopt,languages & frameworks,No Change,"JavaScript is a programming language that is primarily used for front-end web development. It enables interactive and dynamic behavior in web browsers, allowing developers to manipulate the DOM, handle events, and interact with web APIs. JavaScript is also used for server-side development (Node.js), mobile app development (React Native, Ionic), and desktop app development (Electron)."
TypeScript,adopt,languages & frameworks,No Change,"TypeScript is a statically typed superset of JavaScript that adds optional static typing and other features to the language. It is designed to enhance JavaScript development by providing type checking, interfaces, generics, and other advanced features that help catch errors early and improve code maintainability and scalability."
jQuery,hold,languages & frameworks,No Change,"jQuery is a fast, small, and feature-rich JavaScript library designed to simplify client-side scripting in HTML. It provides a set of convenient methods for DOM manipulation, event handling, AJAX requests, and animation. jQuery makes it easier to write concise and efficient JavaScript code, especially for tasks that involve interacting with the DOM and handling user interactions on web pages."
Bootstrap,hold,languages & frameworks,No Change,"Bootstrap is a popular open-source front-end framework for building responsive and mobile-first web projects. It provides a collection of CSS and JavaScript components, such as buttons, forms, navigation bars, and modals, that can be easily integrated into web applications. Bootstrap simplifies the process of building modern and visually appealing user interfaces."
LESS,hold,languages & frameworks,No Change,"LESS is a dynamic stylesheet language that extends CSS with features like variables, mixins, nested rules, and functions. It simplifies the process of writing and maintaining stylesheets by providing more flexibility and organization. LESS code is compiled into standard CSS, making it compatible with all modern web browsers."
API Platform,hold,languages & frameworks,No Change,"API Platform is a set of open-source tools and libraries for building API-driven web applications in PHP. It provides a framework-agnostic library for building REST and GraphQL APIs with Symfony, as well as a client-side JavaScript framework for consuming those APIs. API Platform emphasizes simplicity, performance, and flexibility in API development."
Symfony,hold,languages & frameworks,No Change,"Symfony is a PHP framework for building web applications and APIs. It follows the model-view-controller (MVC) architectural pattern and provides reusable components, libraries, and tools for rapid development. Symfony emphasizes code reusability, testability, and performance, making it suitable for building complex and scalable web projects."
Angular,hold,languages & frameworks,No Change,"Angular is a popular open-source web application framework developed by Google for building single-page applications (SPAs) and dynamic web applications. It provides a comprehensive set of tools and libraries for building client-side applications, including features such as two-way data binding, dependency injection, and component-based architecture."
NodeJS,adopt,languages & frameworks,No Change,"It is a runtime environment that enables the execution of JavaScript code outside a web browser, primarily on the server side. Node.js provides a robust platform for building scalable, high-performance applications, supporting non-blocking, event-driven programming, and offering an extensive package ecosystem via npm (Node Package Manager)."
.NET,hold,languages & frameworks,No Change,".NET is a free, open-source developer platform from Microsoft for building many types of applications across web, mobile, desktop, and cloud."
React.js,hold,languages & frameworks,No Change,"JavaScript library built around reusable components and a virtual DOM. Typically used alongside tools like Node.js, npm or Yarn, and often Redux for state management to develop modular, interactive web applications that are scalable and maintainable."